No.,2-isogeny-walk,3-isogeny-walk
0,634143272,653987758
1,634670908,654666662
2,635219894,654720308
3,635260790,654723680
4,635406606,654853508
5,635515284,654942912
6,635595766,654953864
7,635600242,654956710
8,635603896,654971342
9,635624110,654986370
10,635654818,655016390
11,635757524,655021266
12,635882720,655053102
13,635957196,655056232
14,636022060,655068152
15,636031598,655086558
16,636057054,655108706
17,636097590,655185774
18,636115938,655186300
19,636129630,655238060
20,636152930,655242780
21,636244348,655258268
22,636267230,655269916
23,636278824,655273760
24,636279860,655279226
25,636290370,655328106
26,636318864,655336254
27,636342730,655345042
28,636353862,655357232
29,636362062,655360796
30,636392216,655367196
31,636413410,655394728
32,636453164,655401928
33,636463824,655424804
34,636469120,655452422
35,636491702,655482702
36,636500850,655483334
37,636518030,655487328
38,636526596,655506078
39,636534552,655506152
40,636535480,655537604
41,636543516,655552176
42,636572808,655553076
43,636595558,655565350
44,636599858,655576142
45,636608560,655580160
46,636619566,655597962
47,636634262,655613026
48,636681908,655624678
49,636692230,655643604
50,636694078,655672124
51,636705446,655676486
52,636712952,655680446
53,636725594,655688924
54,636747300,655697786
55,636751490,655697864
56,636751754,655723698
57,636766474,655738350
58,636787914,655741902
59,636790618,655746284
60,636794550,655758056
61,636795522,655766418
62,636797842,655770184
63,636818504,655775232
64,636822494,655793214
65,636830032,655804924
66,636850864,655828762
67,636864534,655839200
68,636870044,655839524
69,636872978,655843402
70,636896758,655852186
71,636898198,655855916
72,636930746,655887852
73,636931436,655890030
74,636932114,655894878
75,636932928,655903960
76,636948554,655907588
77,636954536,655935182
78,636956778,655938882
79,636960046,655956434
80,636960046,655961070
81,636970942,655962506
82,636975562,655969762
83,636983206,655972372
84,636996328,655973930
85,636996538,655980216
86,637005150,655989032
87,637010284,655992048
88,637017636,656001628
89,637031206,656021514
90,637037680,656030862
91,637063654,656033862
92,637084874,656038966
93,637085982,656042922
94,637086546,656053882
95,637097550,656055988
96,637102462,656060226
97,637115530,656065392
98,637130558,656066054
99,637133580,656068870
100,637152784,656081806
101,637193608,656085810
102,637197510,656089416
103,637204860,656092086
104,637217754,656098712
105,637222584,656101086
106,637226468,656103626
107,637231474,656105068
108,637236546,656107072
109,637251704,656107222
110,637257298,656117078
111,637257750,656122692
112,637300502,656133370
113,637305560,656139966
114,637313308,656153284
115,637318312,656155918
116,637326046,656166432
117,637330756,656192950
118,637334548,656206234
119,637337982,656210246
120,637340936,656211016
121,637341066,656217192
122,637344218,656221970
123,637355320,656224780
124,637356710,656235280
125,637359352,656235592
126,637365676,656257376
127,637372316,656280908
128,637400972,656280924
129,637404126,656295060
130,637408978,656295492
131,637412728,656301152
132,637412830,656311198
133,637413280,656313610
134,637415756,656313818
135,637429962,656322764
136,637430796,656328630
137,637450738,656332664
138,637454850,656339526
139,637455546,656344070
140,637457230,656348960
141,637462644,656360206
142,637467590,656360654
143,637487408,656363488
144,637496584,656364424
145,637501780,656380542
146,637503422,656382108
147,637505550,656389436
148,637508612,656395146
149,637523688,656396994
150,637530522,656401294
151,637542270,656404636
152,637547962,656406560
153,637572824,656406956
154,637576464,656411530
155,637582876,656411560
156,637586362,656413558
157,637597512,656418326
158,637613762,656423870
159,637619986,656425464
160,637622904,656427316
161,637627828,656431350
162,637654236,656435440
163,637669564,656438798
164,637680888,656448642
165,637682688,656460990
166,637688548,656465322
167,637694684,656467654
168,637698988,656470368
169,637708724,656474556
170,637714466,656478718
171,637721724,656482486
172,637741454,656494828
173,637746408,656499020
174,637748616,656506384
175,637748704,656514578
176,637754186,656515128
177,637762788,656518344
178,637768530,656519110
179,637769482,656520436
180,637769848,656522544
181,637772528,656531346
182,637786748,656534720
183,637788018,656546230
184,637792394,656548470
185,637807144,656551068
186,637807954,656555618
187,637823130,656556760
188,637826338,656558428
189,637838990,656563150
190,637853532,656564098
191,637855204,656564482
192,637864408,656565550
193,637879440,656565872
194,637879844,656571266
195,637889594,656572756
196,637892082,656575464
197,637898472,656583324
198,637899242,656583656
199,637900324,656587516
200,637900464,656591668
201,637908020,656598766
202,637908432,656599706
203,637913166,656604164
204,637913904,656606104
205,637920202,656614682
206,637925122,656617332
207,637930326,656620132
208,637952516,656633562
209,637953648,656634868
210,637958164,656646476
211,637962240,656652106
212,637975786,656652284
213,637975910,656653484
214,637995298,656662062
215,638003834,656662234
216,638007708,656662246
217,638017146,656676972
218,638018724,656677190
219,638020084,656680154
220,638020880,656681446
221,638038604,656682324
222,638045432,656682656
223,638052070,656702218
224,638060474,656707566
225,638072080,656715570
226,638078326,656741112
227,638089626,656744528
228,638090260,656745214
229,638091746,656751686
230,638094074,656756668
231,638097284,656757422
232,638108316,656758184
233,638109920,656760550
234,638122000,656768282
235,638125516,656787382
236,638128094,656787784
237,638128604,656790294
238,638135360,656793866
239,638140012,656794864
240,638142146,656795444
241,638142980,656800728
242,638146230,656806360
243,638146996,656807588
244,638160550,656825354
245,638160722,656838702
246,638167526,656861344
247,638173264,656874940
248,638178350,656886082
249,638186158,656888170
250,638198772,656895972
251,638200420,656900520
252,638201464,656904700
253,638204788,656906700
254,638211260,656914620
255,638213550,656923464
256,638216028,656931552
257,638224750,656932788
258,638225974,656940310
259,638233612,656947184
260,638242834,656952094
261,638249780,656953096
262,638253626,656956286
263,638273190,656962624
264,638286016,656963174
265,638307614,656967408
266,638309298,656970062
267,638312744,656971510
268,638313148,656975246
269,638335192,656981932
270,638336106,656987718
271,638338754,656991014
272,638342724,656996868
273,638354126,656997776
274,638368004,656999714
275,638375900,657011068
276,638392544,657013662
277,638397762,657020088
278,638406040,657026148
279,638409982,657028238
280,638410064,657030704
281,638428728,657032434
282,638446756,657039370
283,638456840,657046542
284,638458968,657047928
285,638466466,657053176
286,638469226,657055964
287,638472946,657058884
288,638475356,657059012
289,638477792,657067200
290,638478584,657072450
291,638493998,657079916
292,638506944,657081804
293,638515252,657084880
294,638524048,657087158
295,638525052,657091364
296,638526258,657094776
297,638571742,657095090
298,638578322,657096030
299,638584690,657097030
300,638586410,657100138
301,638594716,657106118
302,638595612,657109954
303,638596214,657111142
304,638596750,657116318
305,638613076,657126274
306,638613172,657134698
307,638618744,657135824
308,638623450,657142638
309,638625308,657145132
310,638629628,657145438
311,638633912,657149118
312,638635960,657151774
313,638636796,657156290
314,638637554,657157970
315,638645084,657159610
316,638660696,657160994
317,638665838,657161436
318,638668412,657166074
319,638668538,657176636
320,638684114,657178926
321,638686346,657179468
322,638696442,657182428
323,638702458,657184122
324,638705030,657186092
325,638724222,657189182
326,638734526,657191804
327,638735818,657196036
328,638739136,657197116
329,638743062,657218966
330,638749550,657219934
331,638760412,657221304
332,638761388,657221548
333,638775462,657225896
334,638776504,657231794
335,638780594,657236080
336,638783632,657250340
337,638785362,657251672
338,638791038,657253726
339,638793066,657255022
340,638797332,657255798
341,638802012,657266622
342,638803784,657266950
343,638811566,657277886
344,638819438,657278536
345,638822638,657302142
346,638827460,657310130
347,638829894,657310488
348,638830130,657313792
349,638833638,657318090
350,638844570,657319970
351,638862762,657336026
352,638876488,657337148
353,638885858,657339312
354,638886130,657344326
355,638888638,657345610
356,638908242,657349358
357,638918014,657352994
358,638918200,657359316
359,638943432,657359812
360,638957636,657359928
361,638985746,657372180
362,638986070,657378126
363,638987528,657379898
364,638990692,657388008
365,638990726,657390458
366,639007214,657400992
367,639026018,657401928
368,639035740,657402488
369,639048914,657404132
370,639068126,657408800
371,639078908,657416660
372,639079758,657417352
373,639092382,657428438
374,639094222,657436468
375,639104332,657440530
376,639105194,657441560
377,639109302,657446762
378,639123728,657450812
379,639136264,657459068
380,639142084,657465274
381,639144484,657488156
382,639149330,657494246
383,639150486,657502328
384,639152244,657503370
385,639158138,657506048
386,639159378,657511594
387,639160886,657521948
388,639165674,657523056
389,639168824,657523430
390,639170178,657524614
391,639189550,657534612
392,639190384,657537734
393,639191092,657540076
394,639191976,657548022
395,639192194,657561462
396,639196400,657578098
397,639198852,657579506
398,639201062,657588398
399,639213478,657599168
400,639220062,657608050
401,639236394,657623884
402,639241230,657641732
403,639244178,657645776
404,639248944,657662398
405,639263352,657662604
406,639265538,657663576
407,639275694,657663792
408,639281164,657668006
409,639288824,657673172
410,639290556,657695008
411,639296598,657698872
412,639299110,657700824
413,639299944,657702240
414,639306076,657704268
415,639308336,657705728
416,639310696,657706210
417,639320154,657711450
418,639320244,657724556
419,639322384,657725862
420,639324612,657727592
421,639333472,657728130
422,639336680,657732536
423,639359108,657734720
424,639362592,657749782
425,639398610,657755092
426,639399766,657765482
427,639408682,657787872
428,639411812,657794178
429,639426176,657795442
430,639434986,657811614
431,639438802,657832074
432,639440232,657835712
433,639497250,657846850
434,639511182,657848154
435,639532238,657849108
436,639539920,657855748
437,639540140,657870178
438,639574082,657877828
439,639585340,657900130
440,639624872,657903178
441,639629018,657907702
442,639633036,657912778
443,639641414,657914108
444,639660196,657926674
445,639673798,657949276
446,639676510,657955922
447,639681436,657973318
448,639694090,657976890
449,639705838,657982168
450,639711506,657999756
451,639713346,658003834
452,639725074,658022684
453,639734286,658047638
454,639762346,658074388
455,639776550,658109922
456,639784550,658126570
457,639845400,658156454
458,639854330,658165870
459,639871370,658175830
460,639876240,658183260
461,639879250,658189790
462,639884908,658211854
463,639888782,658211886
464,639922810,658216412
465,639923910,658217808
466,639924206,658228010
467,639931050,658258050
468,639960762,658284392
469,639963582,658285068
470,639971154,658299080
471,639979356,658307130
472,640078954,658326378
473,640151662,658347128
474,640193298,658371410
475,640193702,658372884
476,640342342,658375956
477,640344216,658400844
478,640354302,658448464
479,640360180,658456640
480,640403870,658486052
481,640419586,658520320
482,640575288,658560224
483,640609486,658597506
484,640619496,658641888
485,640659712,658661618
486,640661288,658677644
487,640727504,658740314
488,640751942,658847974
489,640772512,658876804
490,640775404,659021890
491,640839294,659113864
492,640866266,659171472
493,640911284,659198546
494,641022286,659271274
495,641082838,659308014
496,641386524,659335112
497,641504584,659378052
498,641709488,659422886
499,642684448,660206368
